{"FULL": 0.07598284129196028, "EYE": 0.08075105492974184, "ICM": 0.06719107719887624, "ICM (EXP2-M1)": 0.06710340855743852, "ICM (LOG2-1P)": 0.06734206785115882, "ICM (SQRT)": 0.06960776535571009, "ICM (CBRT)": 0.07126066710692337, "ICM (SQUARE)": 0.0683006564771113, "ICM (CUBE)": 0.073623266712569}