{"end_of_day_count": 1504, "player_count": 9962, "large_stacks": {"error": {"mean": -0.001197831227715346, "standard_error": 0.0019198859498434622}, "one_sided_paired_ttest": {"statistic": -0.6239074919075328, "pvalue": 0.5327455142525612, "df": 2489}}, "medium_stacks": {"error": {"mean": -0.0007498230339658311, "standard_error": 0.0012327876683239486}, "one_sided_paired_ttest": {"statistic": -0.6082337236429871, "pvalue": 0.5430602033736482, "df": 4981}}, "small_stacks": {"error": {"mean": 0.002698079563154282, "standard_error": 0.0012667882946182552}, "one_sided_paired_ttest": {"statistic": 2.1298582996200985, "pvalue": 0.03328115585472389, "df": 2489}}}