{"end_of_day_count": 2500, "player_count": 33478, "baseline_squared_error": {"mean": 0.0067650036439808325, "standard_error": 8.511168677435739e-05}, "icm_squared_error": {"mean": 0.004298098893378913, "standard_error": 5.342856551101647e-05}, "ebcm_squared_error": {"mean": 0.004324600128423053, "standard_error": 5.333755019904915e-05}, "one_sided_paired_ttest": {"statistic": 3.9169194844229502, "pvalue": 0.9999550672093889, "df": 33477}}