{"end_of_day_count": 1504, "player_count": 9962, "large_stacks": {"error": {"mean": 0.005593006539988533, "standard_error": 0.00191886170377134}, "one_sided_paired_ttest": {"statistic": 2.9147522872523908, "pvalue": 0.0035914884330812, "df": 2489}}, "medium_stacks": {"error": {"mean": -0.0005748960660793491, "standard_error": 0.0012351338931763651}, "one_sided_paired_ttest": {"statistic": -0.4654524252434707, "pvalue": 0.6416278478589176, "df": 4981}}, "small_stacks": {"error": {"mean": -0.004442752643911798, "standard_error": 0.0012679239883583349}, "one_sided_paired_ttest": {"statistic": -3.5039581904780612, "pvalue": 0.00046648618352167833, "df": 2489}}}